{
  "nodes": [
    // Nodes for Normal Cave
	{
      "parentSheetIndex": 0,
      "dropItems": [
        {
          "itemIdOrName": "Garnet",
          "dropChance": 100.0,
          "minAmount": 1,
          "maxAmount": 1,
          "luckyAmount": 1,
          "minerAmount": 0
        },
		{
          "itemIdOrName": "390",
          "dropChance": 75.0,
          "minAmount": 2,
          "maxAmount": 5,
          "luckyAmount": 1,
          "minerAmount": 1
        }
      ],
      "oreLevelRanges": [
        {
          "minLevel": 80,
          "maxLevel": 999999,
          "spawnChanceMult": 0.5,
          "expMult": 1.0,
          "dropChanceMult": 1.0,
          "dropMult": 1.0
        }
      ],
      "nodeDesc": "A stone rich with Garnet.",
      "spritePath": "garnet.png",
      "spriteType": "mod",
      "spriteX": 0,
      "spriteY": 0,
      "spriteW": 16,
      "spriteH": 16,
      "spawnChance": 0.500,
      "durability": 8,
      "exp": 20,
      "texture": null
	},
  ]
}