{
  "Type": "Bolt",
  "Name": "Stone Bolt",
  "DisplayName": "Ammo.Name.StoneBolt",
  "Description": "Ammo.Description.StoneBolt",

  "BreakChance": 0.9,
  "Damage": 6,

  "Icon": {
    "Source": {
      "X": 0,
      "Y": 0,
      "Width": 16,
      "Height": 16
    }
  },

  "ProjectileSprite": {
    "Source": {
      "X": 23,
      "Y": 7,
      "Width": 5,
      "Height": 1
    },
    "CollisionBox": {
      "X": 0,
      "Y": 0,
      "Width": 4,
      "Height": 4
    }
  },

  "Debris": {
    "Source": {
      "X": 0,
      "Y": 0,
      "Width": 16,
      "Height": 16
    },
    "Amount": 6
  },

  "Recipe": {
    "UnlockCondition": "PLAYER_HAS_CRAFTING_RECIPE Current PeacefulEnd.Archery.StarterPack/Bolt/Stone Bolt",
    "Ingredients": [
      {
        "Id": 388,
        "Amount": 5
      },
      {
        "Id": 390,
        "Amount": 2
      }
    ],
    "OutputAmount": 10,

    "Shop": {
      "Owner": "Marlon",
      "Stock": 1,
      "Price": 250,

      "UnlockCondition": "!PLAYER_HAS_CRAFTING_RECIPE Current PeacefulEnd.Archery.StarterPack/Bolt/Stone Bolt, MINE_LOWEST_LEVEL_REACHED 15"
    }
  },

  // Sell an infinite number of bolts at Marlon's shop
  "Shop": {
    "Owner": "Marlon",
    "Stock": -1,
    "Price": 10,

    "UnlockCondition": "MINE_LOWEST_LEVEL_REACHED 15"
  },

  "DirectionalSprites": {
    "Sideways": [
      {
        "Source": {
          "X": 23,
          "Y": 7,
          "Width": 5,
          "Height": 1
        }
      }
    ],
    "Down": [
      {
        "Source": {
          "X": 0,
          "Y": 16,
          "Width": 16,
          "Height": 16
        }
      }
    ]
  }
}
