{
    "Format": "1.27.0",
    "Changes": [
        {
            "Action": "EditData",
            "Target": "Data/FishPondData",
            "Entries": {
                "item_angler": {
					"RequiredTags": [
					  "item_angler"
					],
					"SpawnTime": 999999,
					"ProducedItems": [
					  {
						"RequiredPopulation": 0,
						"Chance": 0.1,
						"ItemID": 378,
						"MinQuantity": 10,
						"MaxQuantity": 15
					  },
					  {
						"RequiredPopulation": 0,
						"Chance": 0.01,
						"ItemID": 768,
						"MinQuantity": 10,
						"MaxQuantity": 20
					  },
					  {
						"RequiredPopulation": 0,
						"Chance": 1.0,
						"ItemID": 812,
						"MinQuantity": 1,
						"MaxQuantity": 1
					  },
					  {
						"RequiredPopulation": 0,
						"Chance": 0.8,
						"ItemID": 812,
						"MinQuantity": 1,
						"MaxQuantity": 1
					  }
					],
					"PopulationGates": null
				},
				"item_glacierfish": {
					"RequiredTags": [
					  "item_glacierfish"
					],
					"SpawnTime": 999999,
					"ProducedItems": [
					  {
						"RequiredPopulation": 0,
						"Chance": 0.05,
						"ItemID": 536,
						"MinQuantity": 5,
						"MaxQuantity": 10
					  },
					  {
						"RequiredPopulation": 0,
						"Chance": 0.075,
						"ItemID": 84,
						"MinQuantity": 5,
						"MaxQuantity": 10
					  },
					  {
						"RequiredPopulation": 0,
						"Chance": 0.1,
						"ItemID": 380,
						"MinQuantity": 10,
						"MaxQuantity": 10
					  },
					  {
						"RequiredPopulation": 0,
						"Chance": 0.01,
						"ItemID": 72,
						"MinQuantity": 1,
						"MaxQuantity": 1
					  },
					  {
						"RequiredPopulation": 0,
						"Chance": 1.0,
						"ItemID": 812,
						"MinQuantity": 1,
						"MaxQuantity": 1
					  },
					  {
						"RequiredPopulation": 0,
						"Chance": 0.8,
						"ItemID": 812,
						"MinQuantity": 1,
						"MaxQuantity": 1
					  }
					],
					"PopulationGates": null
				},
				"item_crimsonfish": {
					"RequiredTags": [
					  "item_crimsonfish"
					],
					"SpawnTime": 999999,
					"ProducedItems": [
					  {
						"RequiredPopulation": 0,
						"Chance": 0.05,
						"ItemID": 537,
						"MinQuantity": 5,
						"MaxQuantity": 10
					  },
					  {
						"RequiredPopulation": 0,
						"Chance": 0.075,
						"ItemID": 82,
						"MinQuantity": 5,
						"MaxQuantity": 10
					  },
					  {
						"RequiredPopulation": 0,
						"Chance": 0.1,
						"ItemID": 384,
						"MinQuantity": 10,
						"MaxQuantity": 10
					  },
					  {
						"RequiredPopulation": 0,
						"Chance": 0.033,
						"ItemID": 286,
						"MinQuantity": 1,
						"MaxQuantity": 3
					  },
					  {
						"RequiredPopulation": 0,
						"Chance": 0.02,
						"ItemID": 441,
						"MinQuantity": 1,
						"MaxQuantity": 3
					  },
					  {
						"RequiredPopulation": 0,
						"Chance": 0.01,
						"ItemID": 288,
						"MinQuantity": 1,
						"MaxQuantity": 1
					  },
					  {
						"RequiredPopulation": 0,
						"Chance": 1.0,
						"ItemID": 812,
						"MinQuantity": 1,
						"MaxQuantity": 1
					  },
					  {
						"RequiredPopulation": 0,
						"Chance": 0.8,
						"ItemID": 812,
						"MinQuantity": 1,
						"MaxQuantity": 1
					  }
					],
					"PopulationGates": null
				},
				"item_legend": {
					"RequiredTags": [
					  "item_legend"
					],
					"SpawnTime": 999999,
					"ProducedItems": [
					  {
						"RequiredPopulation": 0,
						"Chance": 0.1,
						"ItemID": 386,
						"MinQuantity": 5,
						"MaxQuantity": 10
					  },
					  {
						"RequiredPopulation": 0,
						"Chance": 1.0,
						"ItemID": 812,
						"MinQuantity": 1,
						"MaxQuantity": 1
					  },
					  {
						"RequiredPopulation": 0,
						"Chance": 0.8,
						"ItemID": 812,
						"MinQuantity": 1,
						"MaxQuantity": 1
					  }
					],
					"PopulationGates": null
				},
				"item_mutant_carp": {
					"RequiredTags": [
					  "item_mutant_carp"
					],
					"SpawnTime": 999999,
					"ProducedItems": [
					  {
						"RequiredPopulation": 0,
						"Chance": 0.1,
						"ItemID": 909,
						"MinQuantity": 5,
						"MaxQuantity": 15
					  },
					  {
						"RequiredPopulation": 0,
						"Chance": 0.02,
						"ItemID": 910,
						"MinQuantity": 1,
						"MaxQuantity": 5
					  },
					  {
						"RequiredPopulation": 0,
						"Chance": 1.0,
						"ItemID": 812,
						"MinQuantity": 1,
						"MaxQuantity": 1
					  },
					  {
						"RequiredPopulation": 0,
						"Chance": 0.8,
						"ItemID": 812,
						"MinQuantity": 1,
						"MaxQuantity": 1
					  }
					],
					"PopulationGates": null
				}
            }
		},
		{
			"Action": "EditData",
            "Target": "Data/FishPondData",
			"MoveEntries": [
				{ "ID": "item_angler", "BeforeID": "category_fish" },
				{ "ID": "item_glacierfish", "BeforeID": "category_fish" },
				{ "ID": "item_crimsonfish", "BeforeID": "category_fish" },
				{ "ID": "item_legend", "BeforeID": "category_fish" },
				{ "ID": "item_mutant_carp", "BeforeID": "category_fish" },
			]
        }
    ]
}




