{
  "Type": "Arrow",
  "Name": "Makeshift Arrow",
  "DisplayName": "Ammo.Name.MakeshiftArrow",
  "Description": "Ammo.Description.MakeshiftArrow",

  "BreakChance": 1,
  "Damage": 3,

  "Icon": {
    "Source": {
      "X": 0,
      "Y": 0,
      "Width": 16,
      "Height": 16
    }
  },

  "ProjectileSprite": {
    "Source": {
      "X": 20,
      "Y": 7,
      "Width": 8,
      "Height": 1
    }
  },
  "CollisionBox": {
    "X": 0,
    "Y": 0,
    "Width": 4,
    "Height": 4
  },

  "Debris": {
    "Source": {
      "X": 0,
      "Y": 0,
      "Width": 16,
      "Height": 16
    },
    "Amount": 6
  },


  "Recipe": {
    "UnlockCondition": "!PLAYER_HAS_CRAFTING_RECIPE Current PeacefulEnd.Archery.StarterPack/Arrow/Makeshift Arrow",
    "Ingredients": [
      {
        "Id": 388,
        "Amount": 5
      }
    ],
    "OutputAmount": 10
  },

  "DirectionalSprites": {
    "Sideways": [
      {
        "Source": {
          "X": 20,
          "Y": 7,
          "Width": 8,
          "Height": 1
        }
      }
    ],
    "Down": [
      {
        "Source": {
          "X": 0,
          "Y": 16,
          "Width": 16,
          "Height": 16
        }
      }
    ]
  }
}
