{
  "Type": "Bow",
  "Name": "Copper Bow",
  "DisplayName": "Weapon.Name.CopperBow",
  "Description": "Weapon.Description.CopperBow",

  // Determines where to locate the icon sprite on weapon.png and how to display it to the player
  "Icon": {
    "Source": {
      "X": 32,
      "Y": 0,
      "Width": 32,
      "Height": 32
    },
    "Offset": {
      "X": -20,
      "Y": -24
    },

    "Scale": 2.5
  },

  // Determines the min and max base damage (before account for any additive arrow damage)
  "DamageRange": {
    "Min": 10,
    "Max": 25
  },
  
  "Knockback": 0.3,

  // How fast the projectile flies after being fired
  "ProjectileSpeed": 17.0,

  // The time (in milliseconds) for the bow to fully charge
  "ChargeTimeRequiredMilliseconds": 350,

  // The special attack to use upon right-clicking
  "SpecialAttack": {
    "Id": "PeacefulEnd.Archery/Snapshot"
  },

  // Optional, but when specified allows for the player to create this weapon if they have the requirements
  "Recipe": {
    // This unlock condition uses GameStateQuery to only show the recipe if the player has learned it
    "UnlockCondition": "PLAYER_HAS_CRAFTING_RECIPE Current PeacefulEnd.Archery.StarterPack/Bow/Copper Bow",
    "Ingredients": [
      {
        "Id": 334,
        "Amount": 4
      },
      {
        "Id": 388,
        "Amount": 10
      },
      {
        "Id": 771,
        "Amount": 2
      }
    ],

    // The shop that the recipe will be available at
    "Shop": {
      "Owner": "Marlon",

      // Using the value -1 tells the framework to use an infinite stock
      "Stock": -1,
      "Price": 1000,

      "UnlockCondition": "MINE_LOWEST_LEVEL_REACHED 40, !PLAYER_HAS_CRAFTING_RECIPE Current PeacefulEnd.Archery.StarterPack/Bow/Copper Bow"
    }
  },

  // The shop that the recipe will be available at
  "Shop": {
    "Owner": "Marlon",

    // Using the value -1 tells the framework to use an infinite stock
    "Stock": -1,
    "Price": 3000,

    "UnlockCondition": "MINE_LOWEST_LEVEL_REACHED 40"
  },

  // The following determines what bow and arm sprites to draw based on the direction and other given conditions
  "DirectionalSprites": {
    // Start of upward facing sprites
    "Up": [
      {
        "Source": {
          "X": 64,
          "Y": 32,
          "Width": 16,
          "Height": 32
        },
        "Conditions": [
          {
            "Name": "CurrentChargingPercentage",
            "Operator": "LessThan",
            "Value": 0.5
          }
        ],

        "Arms": [
          {
            "Type": "Back",
            "Source": {
              "X": 64,
              "Y": 0,
              "Width": 16,
              "Height": 32
            }
          },
          {
            "Type": "Front",
            "Source": {
              "X": 0,
              "Y": 32,
              "Width": 16,
              "Height": 32
            }
          }
        ]
      },
      {
        "Source": {
          "X": 64,
          "Y": 32,
          "Width": 16,
          "Height": 32
        },
        "Conditions": [
          {
            "Name": "CurrentChargingPercentage",
            "Operator": "LessThan",
            "Value": 0.8
          },
          {
            "Name": "CurrentChargingPercentage",
            "Operator": "GreaterThanOrEqualTo",
            "Value": 0.5
          }
        ],

        "Arms": [
          {
            "Type": "Back",
            "Source": {
              "X": 80,
              "Y": 0,
              "Width": 16,
              "Height": 32
            }
          },
          {
            "Type": "Front",
            "Source": {
              "X": 0,
              "Y": 32,
              "Width": 16,
              "Height": 32
            }
          }
        ]
      },
      {
        "Source": {
          "X": 64,
          "Y": 32,
          "Width": 16,
          "Height": 32
        },
        "Conditions": [
          {
            "Name": "CurrentChargingPercentage",
            "Operator": "GreaterThanOrEqualTo",
            "Value": 0.8
          }
        ],

        "Arms": [
          {
            "Type": "Back",
            "Source": {
              "X": 96,
              "Y": 0,
              "Width": 16,
              "Height": 32
            }
          },
          {
            "Type": "Front",
            "Source": {
              "X": 0,
              "Y": 32,
              "Width": 16,
              "Height": 32
            }
          }
        ]
      }
    ],

    // Start of downward facing sprites
    "Down": [
      {
        "Source": {
          "X": 0,
          "Y": 32,
          "Width": 16,
          "Height": 32
        },
        "Conditions": [
          {
            "Name": "CurrentChargingPercentage",
            "Operator": "LessThan",
            "Value": 0.5
          }
        ],

        "Arms": [
          {
            "Type": "Back",
            "Source": {
              "X": 0,
              "Y": 0,
              "Width": 16,
              "Height": 32
            }
          },
          {
            "Type": "Front",
            "Source": {
              "X": 0,
              "Y": 32,
              "Width": 16,
              "Height": 32
            }
          }
        ]
      },
      {
        "Source": {
          "X": 0,
          "Y": 32,
          "Width": 16,
          "Height": 32
        },
        "Conditions": [
          {
            "Name": "CurrentChargingPercentage",
            "Operator": "LessThan",
            "Value": 0.8
          },
          {
            "Name": "CurrentChargingPercentage",
            "Operator": "GreaterThanOrEqualTo",
            "Value": 0.5
          }
        ],

        "Arms": [
          {
            "Type": "Back",
            "Source": {
              "X": 16,
              "Y": 0,
              "Width": 16,
              "Height": 32
            }
          },
          {
            "Type": "Front",
            "Source": {
              "X": 0,
              "Y": 32,
              "Width": 16,
              "Height": 32
            }
          }
        ]
      },
      {
        "Source": {
          "X": 0,
          "Y": 32,
          "Width": 16,
          "Height": 32
        },
        "Conditions": [
          {
            "Name": "CurrentChargingPercentage",
            "Operator": "GreaterThanOrEqualTo",
            "Value": 0.8
          }
        ],

        "Arms": [
          {
            "Type": "Back",
            "Source": {
              "X": 32,
              "Y": 0,
              "Width": 16,
              "Height": 32
            }
          },
          {
            "Type": "Front",
            "Source": {
              "X": 0,
              "Y": 32,
              "Width": 16,
              "Height": 32
            }
          }
        ]
      }
    ],

    // Start of left and right sprites
    "Sideways": [
      {
        "AmmoOffset": {
          "X": 0,
          "Y": 0
        },
        "Source": {
          "X": 16,
          "Y": 32,
          "Width": 16,
          "Height": 32
        },
        "Offset": {
          "X": 4,
          "Y": 0
        },
        "Conditions": [
          {
            "Name": "CurrentChargingPercentage",
            "Operator": "LessThan",
            "Value": 0.5
          }
        ],

        "Arms": [
          {
            "Type": "Back",
            "Source": {
              "X": 48,
              "Y": 32,
              "Width": 16,
              "Height": 32
            }
          },
          {
            "Type": "Front",
            "Source": {
              "X": 64,
              "Y": 32,
              "Width": 16,
              "Height": 32
            }
          }
        ]
      },
      {
        "AmmoOffset": {
          "X": -1,
          "Y": 0
        },
        "Source": {
          "X": 32,
          "Y": 32,
          "Width": 16,
          "Height": 32
        },
        "Offset": {
          "X": 4,
          "Y": 0
        },
        "Conditions": [
          {
            "Name": "CurrentChargingPercentage",
            "Operator": "LessThan",
            "Value": 0.8
          },
          {
            "Name": "CurrentChargingPercentage",
            "Operator": "GreaterThanOrEqualTo",
            "Value": 0.5
          }
        ],

        "Arms": [
          {
            "Type": "Back",
            "Source": {
              "X": 48,
              "Y": 32,
              "Width": 16,
              "Height": 32
            }
          },
          {
            "Type": "Front",
            "Source": {
              "X": 80,
              "Y": 32,
              "Width": 16,
              "Height": 32
            }
          }
        ]
      },
      {
        "AmmoOffset": {
          "X": -2,
          "Y": 0
        },
        "Source": {
          "X": 48,
          "Y": 32,
          "Width": 16,
          "Height": 32
        },
        "Offset": {
          "X": 4,
          "Y": 0
        },
        "Conditions": [
          {
            "Name": "CurrentChargingPercentage",
            "Operator": "GreaterThanOrEqualTo",
            "Value": 0.8
          }
        ],

        "Arms": [
          {
            "Type": "Back",
            "Source": {
              "X": 48,
              "Y": 32,
              "Width": 16,
              "Height": 32
            }
          },
          {
            "Type": "Front",
            "Source": {
              "X": 96,
              "Y": 32,
              "Width": 16,
              "Height": 32
            }
          }
        ]
      }
    ]
  }
}