{
  "Type": "Bow",
  "Name": "Makeshift Bow",
  "DisplayName": "Weapon.Name.MakeshiftBow",
  "Description": "Weapon.Description.MakeshiftBow",

  // Determines where to locate the icon sprite on weapon.png and how to display it to the player
  "Icon": {
    "Source": {
      "X": 32,
      "Y": 0,
      "Width": 32,
      "Height": 32
    },
    "Offset": {
      "X": -20,
      "Y": -24
    },

    "Scale": 2.5
  },

  // Determines the min and max base damage (before account for any additive arrow damage)
  "DamageRange": {
    "Min": 5,
    "Max": 10
  },
  
  "Knockback": 0.25,

  // How fast the projectile flies after being fired
  "ProjectileSpeed": 10.0,

  // The time (in milliseconds) for the bow to fully charge
  "ChargeTimeRequiredMilliseconds": 400,

  // Optional, but when specified allows for the player to create this weapon if they have the requirements
  "Recipe": {
    "Ingredients": [
      {
        "Id": 388,
        "Amount": 4
      },
      {
        "Id": 771,
        "Amount": 1
      }
    ]
  },

  // The following determines what bow and arm sprites to draw based on the direction and other given conditions
  "DirectionalSprites": {
    // Start of upward facing sprites
    "Up": [
      {
        "Source": {
          "X": 64,
          "Y": 32,
          "Width": 16,
          "Height": 32
        },
        "Conditions": [
          {
            "Name": "CurrentChargingPercentage",
            "Operator": "LessThan",
            "Value": 0.5
          }
        ],

        "Arms": [
          {
            "Type": "Back",
            "Source": {
              "X": 64,
              "Y": 0,
              "Width": 16,
              "Height": 32
            }
          },
          {
            "Type": "Front",
            "Source": {
              "X": 0,
              "Y": 32,
              "Width": 16,
              "Height": 32
            }
          }
        ]
      },
      {
        "Source": {
          "X": 64,
          "Y": 32,
          "Width": 16,
          "Height": 32
        },
        "Conditions": [
          {
            "Name": "CurrentChargingPercentage",
            "Operator": "LessThan",
            "Value": 0.8
          },
          {
            "Name": "CurrentChargingPercentage",
            "Operator": "GreaterThanOrEqualTo",
            "Value": 0.5
          }
        ],

        "Arms": [
          {
            "Type": "Back",
            "Source": {
              "X": 80,
              "Y": 0,
              "Width": 16,
              "Height": 32
            }
          },
          {
            "Type": "Front",
            "Source": {
              "X": 0,
              "Y": 32,
              "Width": 16,
              "Height": 32
            }
          }
        ]
      },
      {
        "Source": {
          "X": 64,
          "Y": 32,
          "Width": 16,
          "Height": 32
        },
        "Conditions": [
          {
            "Name": "CurrentChargingPercentage",
            "Operator": "GreaterThanOrEqualTo",
            "Value": 0.8
          }
        ],

        "Arms": [
          {
            "Type": "Back",
            "Source": {
              "X": 96,
              "Y": 0,
              "Width": 16,
              "Height": 32
            }
          },
          {
            "Type": "Front",
            "Source": {
              "X": 0,
              "Y": 32,
              "Width": 16,
              "Height": 32
            }
          }
        ]
      }
    ],

    // Start of downward facing sprites
    "Down": [
      {
        "Source": {
          "X": 0,
          "Y": 32,
          "Width": 16,
          "Height": 32
        },
        "Conditions": [
          {
            "Name": "CurrentChargingPercentage",
            "Operator": "LessThan",
            "Value": 0.5
          }
        ],

        "Arms": [
          {
            "Type": "Back",
            "Source": {
              "X": 0,
              "Y": 0,
              "Width": 16,
              "Height": 32
            }
          },
          {
            "Type": "Front",
            "Source": {
              "X": 0,
              "Y": 32,
              "Width": 16,
              "Height": 32
            }
          }
        ]
      },
      {
        "Source": {
          "X": 0,
          "Y": 32,
          "Width": 16,
          "Height": 32
        },
        "Conditions": [
          {
            "Name": "CurrentChargingPercentage",
            "Operator": "LessThan",
            "Value": 0.8
          },
          {
            "Name": "CurrentChargingPercentage",
            "Operator": "GreaterThanOrEqualTo",
            "Value": 0.5
          }
        ],

        "Arms": [
          {
            "Type": "Back",
            "Source": {
              "X": 16,
              "Y": 0,
              "Width": 16,
              "Height": 32
            }
          },
          {
            "Type": "Front",
            "Source": {
              "X": 0,
              "Y": 32,
              "Width": 16,
              "Height": 32
            }
          }
        ]
      },
      {
        "Source": {
          "X": 0,
          "Y": 32,
          "Width": 16,
          "Height": 32
        },
        "Conditions": [
          {
            "Name": "CurrentChargingPercentage",
            "Operator": "GreaterThanOrEqualTo",
            "Value": 0.8
          }
        ],

        "Arms": [
          {
            "Type": "Back",
            "Source": {
              "X": 32,
              "Y": 0,
              "Width": 16,
              "Height": 32
            }
          },
          {
            "Type": "Front",
            "Source": {
              "X": 0,
              "Y": 32,
              "Width": 16,
              "Height": 32
            }
          }
        ]
      }
    ],

    // Start of left and right sprites
    "Sideways": [
      {
        "AmmoOffset": {
          "X": 0,
          "Y": 0
        },
        "Source": {
          "X": 16,
          "Y": 32,
          "Width": 16,
          "Height": 32
        },
        "Offset": {
          "X": 4,
          "Y": 0
        },
        "Conditions": [
          {
            "Name": "CurrentChargingPercentage",
            "Operator": "LessThan",
            "Value": 0.5
          }
        ],

        "Arms": [
          {
            "Type": "Back",
            "Source": {
              "X": 48,
              "Y": 32,
              "Width": 16,
              "Height": 32
            }
          },
          {
            "Type": "Front",
            "Source": {
              "X": 64,
              "Y": 32,
              "Width": 16,
              "Height": 32
            }
          }
        ]
      },
      {
        "AmmoOffset": {
          "X": -1,
          "Y": 0
        },
        "Source": {
          "X": 32,
          "Y": 32,
          "Width": 16,
          "Height": 32
        },
        "Offset": {
          "X": 4,
          "Y": 0
        },
        "Conditions": [
          {
            "Name": "CurrentChargingPercentage",
            "Operator": "LessThan",
            "Value": 0.8
          },
          {
            "Name": "CurrentChargingPercentage",
            "Operator": "GreaterThanOrEqualTo",
            "Value": 0.5
          }
        ],

        "Arms": [
          {
            "Type": "Back",
            "Source": {
              "X": 48,
              "Y": 32,
              "Width": 16,
              "Height": 32
            }
          },
          {
            "Type": "Front",
            "Source": {
              "X": 80,
              "Y": 32,
              "Width": 16,
              "Height": 32
            }
          }
        ]
      },
      {
        "AmmoOffset": {
          "X": -2,
          "Y": 0
        },
        "Source": {
          "X": 48,
          "Y": 32,
          "Width": 16,
          "Height": 32
        },
        "Offset": {
          "X": 4,
          "Y": 0
        },
        "Conditions": [
          {
            "Name": "CurrentChargingPercentage",
            "Operator": "GreaterThanOrEqualTo",
            "Value": 0.8
          }
        ],

        "Arms": [
          {
            "Type": "Back",
            "Source": {
              "X": 48,
              "Y": 32,
              "Width": 16,
              "Height": 32
            }
          },
          {
            "Type": "Front",
            "Source": {
              "X": 96,
              "Y": 32,
              "Width": 16,
              "Height": 32
            }
          }
        ]
      }
    ]
  }
}